{"cameraMode":{"drawMode":0,"name":"Shaded","section":"Shading Mode"},"sceneLighting":false,"audioPlay":false,"sceneViewState":{"showFog":false,"showMaterialUpdate":false,"showSkybox":false,"showFlares":false,"showImageEffects":false,"showParticleSystems":false},"in2DMode":false,"pivot":{"x":0.7481889724731445,"y":-0.6553263664245606,"z":0.33028745651245119},"rotation":{"x":-0.014531923457980156,"y":0.9750321507453919,"z":-0.21119678020477296,"w":-0.06708905845880509},"size":3.48065185546875,"orthographic":false}